{"(0, 0)": {"best_cpu": 0.5, "max_qoe": 1.0}, "(0, 1)": {"best_cpu": 7.5, "max_qoe": 0.9699999999999986}, "(0, 2)": {"best_cpu": 7.5, "max_qoe": 0.9699999999999993}, "(0, 3)": {"best_cpu": 7.5, "max_qoe": 0.9699999999955721}, "(0, 4)": {"best_cpu": 7.5, "max_qoe": 0.9699998578272286}, "(0, 5)": {"best_cpu": 7.5, "max_qoe": 0.969998946567012}, "(0, 6)": {"best_cpu": 7.5, "max_qoe": 0.969998355479598}, "(200, 0)": {"best_cpu": 0.5, "max_qoe": 1.0}, "(200, 1)": {"best_cpu": 7.5, "max_qoe": 0.9699999999999986}, "(200, 2)": {"best_cpu": 7.5, "max_qoe": 0.9699999999999993}, "(200, 3)": {"best_cpu": 7.5, "max_qoe": 0.9699999999955721}, "(200, 4)": {"best_cpu": 7.5, "max_qoe": 0.9699998578272286}, "(200, 5)": {"best_cpu": 7.5, "max_qoe": 0.969998946567012}, "(200, 6)": {"best_cpu": 7.5, "max_qoe": 0.969998355479598}, "(400, 0)": {"best_cpu": 0.5, "max_qoe": 1.0}, "(400, 1)": {"best_cpu": 7.5, "max_qoe": 0.9699999999999986}, "(400, 2)": {"best_cpu": 7.5, "max_qoe": 0.9699999999999993}, "(400, 3)": {"best_cpu": 7.5, "max_qoe": 0.9699999999955721}, "(400, 4)": {"best_cpu": 7.5, "max_qoe": 0.9699998578272286}, "(400, 5)": {"best_cpu": 7.5, "max_qoe": 0.969998946567012}, "(400, 6)": {"best_cpu": 7.5, "max_qoe": 0.969998355479598}, "(600, 0)": {"best_cpu": 0.5, "max_qoe": 1.0}, "(600, 1)": {"best_cpu": 7.5, "max_qoe": 0.9699999999999986}, "(600, 2)": {"best_cpu": 7.5, "max_qoe": 0.9699999999999993}, "(600, 3)": {"best_cpu": 7.5, "max_qoe": 0.9699999999955721}, "(600, 4)": {"best_cpu": 7.5, "max_qoe": 0.9699998578272286}, "(600, 5)": {"best_cpu": 7.5, "max_qoe": 0.969998946567012}, "(600, 6)": {"best_cpu": 7.5, "max_qoe": 0.969998355479598}, "(800, 0)": {"best_cpu": 0.5, "max_qoe": 1.0}, "(800, 1)": {"best_cpu": 7.5, "max_qoe": 0.9699999999999986}, "(800, 2)": {"best_cpu": 7.5, "max_qoe": 0.9699999999999993}, "(800, 3)": {"best_cpu": 7.5, "max_qoe": 0.9699999999955721}, "(800, 4)": {"best_cpu": 7.5, "max_qoe": 0.9699998578272286}, "(800, 5)": {"best_cpu": 7.5, "max_qoe": 0.969998946567012}, "(800, 6)": {"best_cpu": 7.5, "max_qoe": 0.969998355479598}, "(1000, 0)": {"best_cpu": 0.5, "max_qoe": 1.0}, "(1000, 1)": {"best_cpu": 7.5, "max_qoe": 0.9699999999999986}, "(1000, 2)": {"best_cpu": 7.5, "max_qoe": 0.9699999999999993}, "(1000, 3)": {"best_cpu": 7.5, "max_qoe": 0.9699999999955721}, "(1000, 4)": {"best_cpu": 7.5, "max_qoe": 0.9699998578272286}, "(1000, 5)": {"best_cpu": 7.5, "max_qoe": 0.969998946567012}, "(1000, 6)": {"best_cpu": 7.5, "max_qoe": 0.969998355479598}, "(1200, 0)": {"best_cpu": 0.5, "max_qoe": 1.0}, "(1200, 1)": {"best_cpu": 7.5, "max_qoe": 0.9699999999999986}, "(1200, 2)": {"best_cpu": 7.5, "max_qoe": 0.9699999999999993}, "(1200, 3)": {"best_cpu": 7.5, "max_qoe": 0.9699999999955721}, "(1200, 4)": {"best_cpu": 7.5, "max_qoe": 0.9699998578272286}, "(1200, 5)": {"best_cpu": 7.5, "max_qoe": 0.969998946567012}, "(1200, 6)": {"best_cpu": 7.5, "max_qoe": 0.969998355479598}, "(1400, 0)": {"best_cpu": 0.5, "max_qoe": 1.0}, "(1400, 1)": {"best_cpu": 7.5, "max_qoe": 0.9699999999999986}, "(1400, 2)": {"best_cpu": 7.5, "max_qoe": 0.9699999999999993}, "(1400, 3)": {"best_cpu": 7.5, "max_qoe": 0.9699999999955721}, "(1400, 4)": {"best_cpu": 7.5, "max_qoe": 0.9699998578272286}, "(1400, 5)": {"best_cpu": 7.5, "max_qoe": 0.969998946567012}, "(1400, 6)": {"best_cpu": 7.5, "max_qoe": 0.969998355479598}, "(1600, 0)": {"best_cpu": 0.5, "max_qoe": 1.0}, "(1600, 1)": {"best_cpu": 7.5, "max_qoe": 0.9699999999999986}, "(1600, 2)": {"best_cpu": 7.5, "max_qoe": 0.9699999999999993}, "(1600, 3)": {"best_cpu": 7.5, "max_qoe": 0.9699999999955721}, "(1600, 4)": {"best_cpu": 7.5, "max_qoe": 0.9699998578272286}, "(1600, 5)": {"best_cpu": 7.5, "max_qoe": 0.969998946567012}, "(1600, 6)": {"best_cpu": 7.5, "max_qoe": 0.969998355479598}, "(1800, 0)": {"best_cpu": 0.5, "max_qoe": 1.0}, "(1800, 1)": {"best_cpu": 7.0, "max_qoe": 0.9699999999999862}, "(1800, 2)": {"best_cpu": 7.0, "max_qoe": 0.9699999999999913}, "(1800, 3)": {"best_cpu": 7.0, "max_qoe": 0.969999999965927}, "(1800, 4)": {"best_cpu": 7.0, "max_qoe": 0.9699994929488048}, "(1800, 5)": {"best_cpu": 7.0, "max_qoe": 0.969996521111516}, "(1800, 6)": {"best_cpu": 7.0, "max_qoe": 0.9699940761112787}, "(2000, 0)": {"best_cpu": 0.5, "max_qoe": 1.0}, "(2000, 1)": {"best_cpu": 6.5, "max_qoe": 0.9699999999998417}, "(2000, 2)": {"best_cpu": 6.5, "max_qoe": 0.9699999999998838}, "(2000, 3)": {"best_cpu": 6.5, "max_qoe": 0.9699999997378077}, "(2000, 4)": {"best_cpu": 6.5, "max_qoe": 0.969998191632168}, "(2000, 5)": {"best_cpu": 6.5, "max_qoe": 0.9699885112811681}, "(2000, 6)": {"best_cpu": 6.5, "max_qoe": 0.9699786612226436}}