{"(0, 0)": {"best_cpu": 0.5, "max_qoe": 1.0}, "(0, 1)": {"best_cpu": 5.5, "max_qoe": 0.9699999999791463}, "(0, 2)": {"best_cpu": 5.5, "max_qoe": 0.9699999999794742}, "(0, 3)": {"best_cpu": 5.5, "max_qoe": 0.9699999844747067}, "(0, 4)": {"best_cpu": 5.5, "max_qoe": 0.9699769989122802}, "(0, 5)": {"best_cpu": 5.5, "max_qoe": 0.9698747176163082}, "(0, 6)": {"best_cpu": 5.5, "max_qoe": 0.9697231820718027}, "(200, 0)": {"best_cpu": 0.5, "max_qoe": 1.0}, "(200, 1)": {"best_cpu": 5.0, "max_qoe": 0.9699999997607165}, "(200, 2)": {"best_cpu": 5.0, "max_qoe": 0.9699999997269881}, "(200, 3)": {"best_cpu": 5.0, "max_qoe": 0.9699998805325049}, "(200, 4)": {"best_cpu": 5.0, "max_qoe": 0.9699179728749604}, "(200, 5)": {"best_cpu": 5.0, "max_qoe": 0.9695863856881365}, "(200, 6)": {"best_cpu": 5.0, "max_qoe": 0.9690035824671906}, "(400, 0)": {"best_cpu": 0.5, "max_qoe": 1.0}, "(400, 1)": {"best_cpu": 4.5, "max_qoe": 0.9699999972543645}, "(400, 2)": {"best_cpu": 4.5, "max_qoe": 0.9699999963686837}, "(400, 3)": {"best_cpu": 4.5, "max_qoe": 0.9699990806954899}, "(400, 4)": {"best_cpu": 4.5, "max_qoe": 0.9697075182376093}, "(400, 5)": {"best_cpu": 4.5, "max_qoe": 0.9686354040839653}, "(400, 6)": {"best_cpu": 4.5, "max_qoe": 0.9664202594954109}, "(600, 0)": {"best_cpu": 0.5, "max_qoe": 1.0}, "(600, 1)": {"best_cpu": 4.0, "max_qoe": 0.9699999684954839}, "(600, 2)": {"best_cpu": 4.0, "max_qoe": 0.9699999517000448}, "(600, 3)": {"best_cpu": 4.0, "max_qoe": 0.9699929259744121}, "(600, 4)": {"best_cpu": 4.0, "max_qoe": 0.9689576864457629}, "(600, 5)": {"best_cpu": 4.0, "max_qoe": 0.9655080562424552}, "(600, 6)": {"best_cpu": 4.0, "max_qoe": 0.9572276649143096}, "(800, 0)": {"best_cpu": 0.5, "max_qoe": 1.0}, "(800, 1)": {"best_cpu": 3.5, "max_qoe": 0.9699996385047187}, "(800, 2)": {"best_cpu": 3.5, "max_qoe": 0.9699993575650965}, "(800, 3)": {"best_cpu": 3.5, "max_qoe": 0.9699455678594199}, "(800, 4)": {"best_cpu": 3.5, "max_qoe": 0.966292869343574}, "(800, 5)": {"best_cpu": 3.5, "max_qoe": 0.9553221336969242}, "(800, 6)": {"best_cpu": 3.5, "max_qoe": 0.9255155403489826}, "(1000, 0)": {"best_cpu": 0.5, "max_qoe": 1.0}, "(1000, 1)": {"best_cpu": 3.0, "max_qoe": 0.9699958520749165}, "(1000, 2)": {"best_cpu": 3.0, "max_qoe": 0.9699914550749493}, "(1000, 3)": {"best_cpu": 3.0, "max_qoe": 0.9695813006630837}, "(1000, 4)": {"best_cpu": 3.0, "max_qoe": 0.9569071419592364}, "(1000, 5)": {"best_cpu": 3.0, "max_qoe": 0.9231591932913267}, "(1000, 6)": {"best_cpu": 3.0, "max_qoe": 0.8268417042254347}, "(1200, 0)": {"best_cpu": 0.5, "max_qoe": 1.0}, "(1200, 1)": {"best_cpu": 2.5, "max_qoe": 0.9699524071821943}, "(1200, 2)": {"best_cpu": 2.5, "max_qoe": 0.9698863566919087}, "(1200, 3)": {"best_cpu": 2.5, "max_qoe": 0.9667873826003466}, "(1200, 4)": {"best_cpu": 2.5, "max_qoe": 0.9248684575841626}, "(1200, 5)": {"best_cpu": 2.5, "max_qoe": 0.8307891012877068}, "(1200, 6)": {"best_cpu": 2.5, "max_qoe": 0.5974073677917496}, "(1400, 0)": {"best_cpu": 0.5, "max_qoe": 1.0}, "(1400, 1)": {"best_cpu": 2.0, "max_qoe": 0.9694541815041178}, "(1400, 2)": {"best_cpu": 2.0, "max_qoe": 0.9684906112808793}, "(1400, 3)": {"best_cpu": 2.0, "max_qoe": 0.9458151015249788}, "(1400, 4)": {"best_cpu": 2.0, "max_qoe": 0.8262107003917549}, "(1400, 5)": {"best_cpu": 2.0, "max_qoe": 0.624448003009977}, "(1400, 6)": {"best_cpu": 2.0, "max_qoe": 0.2987705432646066}, "(1600, 0)": {"best_cpu": 0.5, "max_qoe": 1.0}, "(1600, 1)": {"best_cpu": 1.5, "max_qoe": 0.9637737576150088}, "(1600, 2)": {"best_cpu": 1.5, "max_qoe": 0.9503007618696366}, "(1600, 3)": {"best_cpu": 1.5, "max_qoe": 0.8105183047775321}, "(1600, 4)": {"best_cpu": 5.5, "max_qoe": 0.6451879447220908}, "(1600, 5)": {"best_cpu": 5.5, "max_qoe": 0.43389302626811466}, "(1600, 6)": {"best_cpu": 5.5, "max_qoe": 0.1441165973549407}, "(1800, 0)": {"best_cpu": 0.5, "max_qoe": 1.0}, "(1800, 1)": {"best_cpu": 1.0, "max_qoe": 0.90305830791775}, "(1800, 2)": {"best_cpu": 1.5, "max_qoe": 0.8325456658945536}, "(1800, 3)": {"best_cpu": 5.5, "max_qoe": 0.7551279395620245}, "(1800, 4)": {"best_cpu": 5.5, "max_qoe": 0.6447605655278573}, "(1800, 5)": {"best_cpu": 5.5, "max_qoe": 0.4332315581027814}, "(1800, 6)": {"best_cpu": 5.5, "max_qoe": 0.1436824389390002}, "(2000, 0)": {"best_cpu": 0.5, "max_qoe": 1.0}, "(2000, 1)": {"best_cpu": 5.5, "max_qoe": 0.775756237290386}, "(2000, 2)": {"best_cpu": 5.5, "max_qoe": 0.7750832123198319}, "(2000, 3)": {"best_cpu": 5.5, "max_qoe": 0.7550620291499224}, "(2000, 4)": {"best_cpu": 5.5, "max_qoe": 0.644603152308778}, "(2000, 5)": {"best_cpu": 5.5, "max_qoe": 0.43298818736064965}, "(2000, 6)": {"best_cpu": 5.5, "max_qoe": 0.14352297972831166}}