{"(0, 0)": {"best_cpu": 0.5, "max_qoe": 1.0}, "(0, 1)": {"best_cpu": 5.5, "max_qoe": 0.9699999999791463}, "(0, 2)": {"best_cpu": 5.5, "max_qoe": 0.9699999999794742}, "(0, 3)": {"best_cpu": 5.5, "max_qoe": 0.9699999844747067}, "(0, 4)": {"best_cpu": 5.5, "max_qoe": 0.9699769989122802}, "(0, 5)": {"best_cpu": 5.5, "max_qoe": 0.9698747176163082}, "(0, 6)": {"best_cpu": 5.5, "max_qoe": 0.9697231820718027}, "(200, 0)": {"best_cpu": 0.5, "max_qoe": 1.0}, "(200, 1)": {"best_cpu": 5.0, "max_qoe": 0.9699999997607165}, "(200, 2)": {"best_cpu": 5.0, "max_qoe": 0.9699999997269881}, "(200, 3)": {"best_cpu": 5.0, "max_qoe": 0.9699998805325049}, "(200, 4)": {"best_cpu": 5.0, "max_qoe": 0.9699179728749604}, "(200, 5)": {"best_cpu": 5.0, "max_qoe": 0.9695863856881365}, "(200, 6)": {"best_cpu": 5.0, "max_qoe": 0.9690035824671906}, "(400, 0)": {"best_cpu": 0.5, "max_qoe": 1.0}, "(400, 1)": {"best_cpu": 4.5, "max_qoe": 0.9699999972543645}, "(400, 2)": {"best_cpu": 4.5, "max_qoe": 0.9699999963686837}, "(400, 3)": {"best_cpu": 4.5, "max_qoe": 0.9699990806954899}, "(400, 4)": {"best_cpu": 4.5, "max_qoe": 0.9697075182376093}, "(400, 5)": {"best_cpu": 4.5, "max_qoe": 0.9686354040839653}, "(400, 6)": {"best_cpu": 4.5, "max_qoe": 0.9664202594954109}, "(600, 0)": {"best_cpu": 0.5, "max_qoe": 1.0}, "(600, 1)": {"best_cpu": 4.0, "max_qoe": 0.9699999684954839}, "(600, 2)": {"best_cpu": 4.0, "max_qoe": 0.9699999517000448}, "(600, 3)": {"best_cpu": 4.0, "max_qoe": 0.9699929259744121}, "(600, 4)": {"best_cpu": 4.0, "max_qoe": 0.9689576864457629}, "(600, 5)": {"best_cpu": 4.0, "max_qoe": 0.9655080562424552}, "(600, 6)": {"best_cpu": 4.0, "max_qoe": 0.9572276649143096}, "(800, 0)": {"best_cpu": 0.5, "max_qoe": 1.0}, "(800, 1)": {"best_cpu": 3.5, "max_qoe": 0.9699996385047187}, "(800, 2)": {"best_cpu": 3.5, "max_qoe": 0.9699993575650965}, "(800, 3)": {"best_cpu": 3.5, "max_qoe": 0.9699455678594199}, "(800, 4)": {"best_cpu": 3.5, "max_qoe": 0.966292869343574}, "(800, 5)": {"best_cpu": 3.5, "max_qoe": 0.9553221336969242}, "(800, 6)": {"best_cpu": 3.5, "max_qoe": 0.9255155403489826}, "(1000, 0)": {"best_cpu": 0.5, "max_qoe": 1.0}, "(1000, 1)": {"best_cpu": 3.0, "max_qoe": 0.9699958520749165}, "(1000, 2)": {"best_cpu": 3.0, "max_qoe": 0.9699914550749493}, "(1000, 3)": {"best_cpu": 3.0, "max_qoe": 0.9695813006630837}, "(1000, 4)": {"best_cpu": 3.0, "max_qoe": 0.9569071419592364}, "(1000, 5)": {"best_cpu": 3.0, "max_qoe": 0.9231591932913267}, "(1000, 6)": {"best_cpu": 3.0, "max_qoe": 0.8268417042254347}, "(1200, 0)": {"best_cpu": 0.5, "max_qoe": 1.0}, "(1200, 1)": {"best_cpu": 2.5, "max_qoe": 0.9699524071821943}, "(1200, 2)": {"best_cpu": 2.5, "max_qoe": 0.9698863566919087}, "(1200, 3)": {"best_cpu": 2.5, "max_qoe": 0.9667873826003466}, "(1200, 4)": {"best_cpu": 2.5, "max_qoe": 0.9248684575841626}, "(1200, 5)": {"best_cpu": 2.5, "max_qoe": 0.8307891012877068}, "(1200, 6)": {"best_cpu": 2.5, "max_qoe": 0.5974073677917496}, "(1400, 0)": {"best_cpu": 0.5, "max_qoe": 1.0}, "(1400, 1)": {"best_cpu": 2.0, "max_qoe": 0.9694541815041178}, "(1400, 2)": {"best_cpu": 2.0, "max_qoe": 0.9684906112808793}, "(1400, 3)": {"best_cpu": 5.5, "max_qoe": 0.9494588944679115}, "(1400, 4)": {"best_cpu": 5.5, "max_qoe": 0.9194726364185715}, "(1400, 5)": {"best_cpu": 5.5, "max_qoe": 0.7915008206510502}, "(1400, 6)": {"best_cpu": 5.5, "max_qoe": 0.37121146841078156}, "(1600, 0)": {"best_cpu": 0.5, "max_qoe": 1.0}, "(1600, 1)": {"best_cpu": 1.5, "max_qoe": 0.9637737576150088}, "(1600, 2)": {"best_cpu": 5.5, "max_qoe": 0.9505876267693641}, "(1600, 3)": {"best_cpu": 5.5, "max_qoe": 0.9494588232164815}, "(1600, 4)": {"best_cpu": 5.5, "max_qoe": 0.9194721105136642}, "(1600, 5)": {"best_cpu": 5.5, "max_qoe": 0.7914986285453275}, "(1600, 6)": {"best_cpu": 5.5, "max_qoe": 0.37120713910492137}, "(1800, 0)": {"best_cpu": 0.5, "max_qoe": 1.0}, "(1800, 1)": {"best_cpu": 5.5, "max_qoe": 0.9505970636683763}, "(1800, 2)": {"best_cpu": 5.5, "max_qoe": 0.9505876209053892}, "(1800, 3)": {"best_cpu": 5.5, "max_qoe": 0.9494588135735952}, "(1800, 4)": {"best_cpu": 5.5, "max_qoe": 0.9194720393396186}, "(1800, 5)": {"best_cpu": 5.5, "max_qoe": 0.7914983318743}, "(1800, 6)": {"best_cpu": 5.5, "max_qoe": 0.37120655319850093}, "(2000, 0)": {"best_cpu": 0.5, "max_qoe": 1.0}, "(2000, 1)": {"best_cpu": 5.5, "max_qoe": 0.9505970628800449}, "(2000, 2)": {"best_cpu": 5.5, "max_qoe": 0.9505876201117864}, "(2000, 3)": {"best_cpu": 5.5, "max_qoe": 0.9494588122685714}, "(2000, 4)": {"best_cpu": 5.5, "max_qoe": 0.9194720297072485}, "(2000, 5)": {"best_cpu": 5.5, "max_qoe": 0.7914982917242096}, "(2000, 6)": {"best_cpu": 5.5, "max_qoe": 0.3712064739047143}}