{"(0, 0)": {"best_cpu": 0.5, "max_qoe": 1.0}, "(0, 1)": {"best_cpu": 8.0, "max_qoe": 0.97}, "(0, 2)": {"best_cpu": 8.0, "max_qoe": 0.97}, "(0, 3)": {"best_cpu": 10.5, "max_qoe": 0.9700000000000001}, "(0, 4)": {"best_cpu": 11.5, "max_qoe": 0.9699999999945682}, "(0, 5)": {"best_cpu": 11.5, "max_qoe": 0.9699999999255388}, "(0, 6)": {"best_cpu": 11.5, "max_qoe": 0.9699999999419925}, "(200, 0)": {"best_cpu": 0.5, "max_qoe": 1.0}, "(200, 1)": {"best_cpu": 8.0, "max_qoe": 0.97}, "(200, 2)": {"best_cpu": 8.0, "max_qoe": 0.97}, "(200, 3)": {"best_cpu": 10.5, "max_qoe": 0.9700000000000001}, "(200, 4)": {"best_cpu": 11.0, "max_qoe": 0.9699999999806281}, "(200, 5)": {"best_cpu": 11.0, "max_qoe": 0.9699999997540963}, "(200, 6)": {"best_cpu": 11.0, "max_qoe": 0.9699999997910448}, "(400, 0)": {"best_cpu": 0.5, "max_qoe": 1.0}, "(400, 1)": {"best_cpu": 8.0, "max_qoe": 0.97}, "(400, 2)": {"best_cpu": 8.0, "max_qoe": 0.97}, "(400, 3)": {"best_cpu": 10.5, "max_qoe": 0.9700000000000001}, "(400, 4)": {"best_cpu": 10.5, "max_qoe": 0.9699999999309119}, "(400, 5)": {"best_cpu": 10.5, "max_qoe": 0.9699999991879192}, "(400, 6)": {"best_cpu": 10.5, "max_qoe": 0.9699999992472986}, "(600, 0)": {"best_cpu": 0.5, "max_qoe": 1.0}, "(600, 1)": {"best_cpu": 8.0, "max_qoe": 0.97}, "(600, 2)": {"best_cpu": 8.0, "max_qoe": 0.97}, "(600, 3)": {"best_cpu": 10.0, "max_qoe": 0.9699999999999998}, "(600, 4)": {"best_cpu": 10.0, "max_qoe": 0.9699999997536011}, "(600, 5)": {"best_cpu": 10.0, "max_qoe": 0.9699999973181532}, "(600, 6)": {"best_cpu": 10.0, "max_qoe": 0.9699999972886081}, "(800, 0)": {"best_cpu": 0.5, "max_qoe": 1.0}, "(800, 1)": {"best_cpu": 8.0, "max_qoe": 0.97}, "(800, 2)": {"best_cpu": 8.0, "max_qoe": 0.97}, "(800, 3)": {"best_cpu": 9.5, "max_qoe": 0.9699999999999985}, "(800, 4)": {"best_cpu": 9.5, "max_qoe": 0.9699999991212317}, "(800, 5)": {"best_cpu": 9.5, "max_qoe": 0.9699999911433667}, "(800, 6)": {"best_cpu": 9.5, "max_qoe": 0.9699999902329856}, "(1000, 0)": {"best_cpu": 0.5, "max_qoe": 1.0}, "(1000, 1)": {"best_cpu": 8.0, "max_qoe": 0.97}, "(1000, 2)": {"best_cpu": 8.0, "max_qoe": 0.97}, "(1000, 3)": {"best_cpu": 9.0, "max_qoe": 0.9699999999999903}, "(1000, 4)": {"best_cpu": 9.0, "max_qoe": 0.9699999968659216}, "(1000, 5)": {"best_cpu": 9.0, "max_qoe": 0.9699999707515177}, "(1000, 6)": {"best_cpu": 9.0, "max_qoe": 0.9699999648171221}, "(1200, 0)": {"best_cpu": 0.5, "max_qoe": 1.0}, "(1200, 1)": {"best_cpu": 8.0, "max_qoe": 0.97}, "(1200, 2)": {"best_cpu": 8.0, "max_qoe": 0.97}, "(1200, 3)": {"best_cpu": 8.5, "max_qoe": 0.9699999999999253}, "(1200, 4)": {"best_cpu": 8.5, "max_qoe": 0.9699999888224815}, "(1200, 5)": {"best_cpu": 8.5, "max_qoe": 0.969999903408706}, "(1200, 6)": {"best_cpu": 8.5, "max_qoe": 0.9699998732637475}, "(1400, 0)": {"best_cpu": 0.5, "max_qoe": 1.0}, "(1400, 1)": {"best_cpu": 8.0, "max_qoe": 0.97}, "(1400, 2)": {"best_cpu": 8.0, "max_qoe": 0.97}, "(1400, 3)": {"best_cpu": 8.0, "max_qoe": 0.9699999999994245}, "(1400, 4)": {"best_cpu": 8.0, "max_qoe": 0.969999960135995}, "(1400, 5)": {"best_cpu": 8.0, "max_qoe": 0.969999681013309}, "(1400, 6)": {"best_cpu": 8.0, "max_qoe": 0.9699995434690182}, "(1600, 0)": {"best_cpu": 0.5, "max_qoe": 1.0}, "(1600, 1)": {"best_cpu": 7.5, "max_qoe": 0.9699999999999986}, "(1600, 2)": {"best_cpu": 7.5, "max_qoe": 0.9699999999999993}, "(1600, 3)": {"best_cpu": 7.5, "max_qoe": 0.9699999999955721}, "(1600, 4)": {"best_cpu": 7.5, "max_qoe": 0.9699998578272286}, "(1600, 5)": {"best_cpu": 7.5, "max_qoe": 0.969998946567012}, "(1600, 6)": {"best_cpu": 7.5, "max_qoe": 0.969998355479598}, "(1800, 0)": {"best_cpu": 0.5, "max_qoe": 1.0}, "(1800, 1)": {"best_cpu": 7.0, "max_qoe": 0.9699999999999862}, "(1800, 2)": {"best_cpu": 7.0, "max_qoe": 0.9699999999999913}, "(1800, 3)": {"best_cpu": 7.0, "max_qoe": 0.969999999965927}, "(1800, 4)": {"best_cpu": 7.0, "max_qoe": 0.9699994929488048}, "(1800, 5)": {"best_cpu": 7.0, "max_qoe": 0.969996521111516}, "(1800, 6)": {"best_cpu": 7.0, "max_qoe": 0.9699940761112787}, "(2000, 0)": {"best_cpu": 0.5, "max_qoe": 1.0}, "(2000, 1)": {"best_cpu": 6.5, "max_qoe": 0.9699999999998417}, "(2000, 2)": {"best_cpu": 6.5, "max_qoe": 0.9699999999998838}, "(2000, 3)": {"best_cpu": 6.5, "max_qoe": 0.9699999997378077}, "(2000, 4)": {"best_cpu": 6.5, "max_qoe": 0.969998191632168}, "(2000, 5)": {"best_cpu": 6.5, "max_qoe": 0.9699885112811681}, "(2000, 6)": {"best_cpu": 6.5, "max_qoe": 0.9699786612226436}}